실제득점,예측득점,실제승패,예측승패
1,5.352340736680956,1,0
5,5.4445781455252185,1,1
3,4.8505413082777515,0,0
4,3.591547413742332,1,0
1,4.436273236897127,0,1
6,2.7688610739330994,1,1
16,5.167604517533336,0,0
8,5.783545394299104,1,1
5,3.258750326218135,0,0
3,5.326960537166052,0,0
13,5.791653552033055,1,1
7,4.000282905519468,0,0
8,5.263616698579828,1,1
4,4.169725378909639,1,0
3,4.357747836165271,0,1
4,3.1732578126760114,0,1
5,5.537063219648562,1,0
2,5.675972388521808,0,0
7,3.3724112777825113,1,1
4,5.536674871396942,1,0
0,4.397618612156422,0,1
6,4.404473099670735,1,0
5,5.552451470503424,0,1
6,4.19249557412986,0,0
9,4.5985441133117115,1,1
2,3.111934850021851,0,1
0,5.0462666191712096,1,0
1,5.299071974103361,1,1
9,4.309802979883423,0,0
2,4.886954411688676,0,0
10,5.088174552702068,0,1
5,3.0060609083998564,1,1
5,5.709652827443905,0,0
6,4.9500324678941725,0,0
5,4.67748650962749,1,1
3,4.961366799829879,0,0
4,5.085847502826281,1,1
2,4.92965750673137,0,0
9,5.174906073149835,1,1
2,5.107155761283348,0,0
8,5.246131630756617,1,1
2,3.159283985186912,1,1
7,4.964460955079818,0,0
4,4.896556084445473,1,0
1,4.726119602680505,0,1
6,5.059672115531809,0,0
7,5.37734464033689,1,1
6,5.274931347410524,0,0
3,5.309152852588841,1,1
2,5.289241215438005,0,0
5,5.288162737681329,1,1
6,3.1948245118138052,1,1
10,6.7359390206366605,0,0
6,5.179968912590825,1,1
3,4.595832557652668,0,0
6,5.077988010153391,0,0
1,4.243450540042318,1,1
0,3.650311781758705,0,1
10,5.324213039104688,1,0
8,5.904322613350502,0,0
11,4.751956753024257,1,1
8,6.388170327650323,0,0
0,3.8662449869284776,1,1
3,3.825317031598373,1,1
8,5.022363082791697,0,0
4,5.018197776233763,1,1
2,3.394255657257715,0,0
3,4.577903862128643,0,1
6,5.572947300711429,1,0
7,6.3384539278443786,0,0
6,5.192577457145351,1,1
1,5.800963685070253,1,0
0,3.972139318021994,0,1
1,3.6028881310431853,1,1
4,4.2123996476828856,0,0
6,4.703033591808308,1,1
3,5.0571211995097745,0,0
6,5.479471932821008,1,1
3,3.5798528479320924,0,0
8,6.951806212148032,1,1
12,6.5150237154345465,0,0
3,5.501584877048408,0,1
1,3.961706070678443,1,0
5,4.358109890357469,1,1
2,3.6304587735530465,0,0
1,4.7431282122021035,1,1
8,4.678191979364454,0,0
5,5.793610423450307,0,1
4,3.5411864066943797,1,0
4,4.123748553029799,1,1
2,3.7618748786674594,0,0
3,3.4303705647168314,1,1
4,5.01557249386157,0,0
1,4.333248143304924,0,1
4,3.5443319684067243,1,0
5,6.893696794585895,0,0
4,5.936080931392235,1,1
9,7.3165040397169605,1,1
3,3.1722060865332082,0,0
4,4.180349350170558,1,1
3,2.995454764199572,0,0
7,3.2678939260291298,1,1
4,5.118400862395742,0,0
6,4.455774026428179,0,0
9,4.588239557914074,1,1
9,9.729730579108779,1,0
3,2.865426915153789,0,1
6,7.304504400498446,1,1
3,6.294966497295187,0,0
12,5.52394889140319,0,1
7,3.503324294800861,0,0
1,3.1422247067439555,0,0
3,5.211685780621909,1,1
1,4.306237159807164,1,1
0,4.177215283526113,0,0
4,6.665275686601172,0,0
4,2.483112455417917,1,1
4,6.147591789702545,1,1
7,6.480129619843906,0,0
0,2.788186004882548,0,1
2,4.522115419214137,1,0
1,4.50555494182504,0,0
3,2.202342061225434,1,1
5,3.580938302035446,1,1
3,5.2016258123503,0,0
7,5.133856817758576,1,0
2,2.4424349502383786,0,1
2,6.845629913895322,1,1
6,6.742671927913602,0,0
2,2.7093456292942557,0,1
1,4.883445062876115,1,0
10,4.218282277145171,1,0
8,2.9251059010349807,0,1
4,3.7795945773038717,1,1
6,5.525887876922313,0,0
12,6.033313294458341,0,0
6,2.8768152139350454,1,1
8,4.719455980105678,0,0
12,5.014919454397852,1,1
3,4.972955203707669,0,0
7,4.682826797398262,1,1
4,2.6873385199540776,0,0
11,5.2509506545598486,1,1
4,3.1251887852533478,1,0
5,5.565509651978786,0,1
7,5.163243538991415,0,1
1,6.540249847340274,1,0
5,5.912088042794759,1,1
3,3.897045538039793,0,0
4,4.726073925940857,1,0
3,5.119592720624252,0,1
6,3.5572921222449776,1,0
1,5.293827718203984,0,1
5,5.481300484150273,0,0
13,7.946193371895484,1,1
8,5.831240605075163,1,0
4,3.9157583940971508,0,1
3,3.0348144334655753,1,1
2,7.143704355959218,0,0
4,4.688513267902298,1,0
0,4.721583524963032,0,1
8,4.590926730682867,1,0
3,4.6079099341725165,0,1
6,5.093564495357689,1,0
1,7.315770027327387,0,1
4,3.025882927195393,1,0
0,4.248456634239564,0,1
17,6.122416580541158,1,1
8,4.542596441630462,0,0
3,4.863231644055456,0,1
3,4.2553268510409925,1,0
0,3.4261485913371614,1,0
1,4.051080185458752,0,1
6,6.683902608855588,1,1
9,5.5203345128522905,0,0
10,5.6922877261664695,0,0
6,3.2275364702114597,1,1
6,4.5523137936310745,0,1
5,6.6836804429290355,0,0
3,3.850663674275874,1,1
4,4.660423814356477,0,0
2,3.267983657972713,0,0
5,4.343827474307363,1,1
11,7.401014423579392,1,1
3,5.52723429680259,0,0
3,4.096535374433392,0,0
6,6.739345459610002,1,1
7,6.539353008331682,0,0
4,4.138333221972357,1,1
10,4.936336283390004,1,0
9,4.473795468833249,0,1
8,3.4009814644487175,1,0
9,4.856231199158664,0,1
8,5.5206653650390445,1,1
4,5.777476774043686,0,0
4,3.9146839114764322,0,0
2,6.553561714783026,1,1
15,7.287869374709865,1,1
4,4.37865479189099,0,0
11,5.835755150808577,1,0
6,5.755633514454106,0,1
5,5.9023160548979945,1,0
4,7.253271129777544,0,1
12,4.317741955063314,1,1
2,5.6760789116454085,0,0
4,3.0467154879189096,0,0
8,6.7397626268681705,1,1
4,6.2187866412124375,1,0
5,5.8987439384956915,0,1
4,3.1601860615907897,0,0
1,3.845217564474902,1,1
5,6.324507978799597,0,1
2,6.900849326046055,1,0
5,4.690047534428166,0,0
6,5.705515775086422,1,1
2,3.174942265826101,1,0
11,9.026758551505694,0,1
5,4.094826907985501,1,0
12,3.8288254402105446,0,1
0,6.081977794612488,1,0
3,5.477638601861848,0,1
7,6.441197951841405,0,1
6,7.469917336307694,1,0
6,5.157146799813525,1,0
4,5.617670961653209,0,1
2,3.2721486592554587,0,1
1,7.270755632506782,1,0
3,5.677355486333095,0,0
5,5.289922676597987,1,1
1,4.462371131302645,0,1
6,5.280350752277343,1,0
8,4.741687983670104,1,0
4,5.5424534855799115,0,1
4,5.089595765321967,0,0
11,5.256113598067278,1,1
7,4.153155088349717,0,0
4,4.702519878365681,1,1
6,5.247096650236639,1,0
8,5.304630737129243,0,1
3,4.632969626201427,0,0
7,6.578721114707002,1,1
3,6.131861900110481,1,1
1,4.979905857179449,0,0
10,5.6229813947682015,1,1
1,3.4972526188829383,0,0
4,5.60228942566771,0,1
1,4.635914136710755,1,0
14,4.939522993353502,0,1
1,5.123280836585963,1,0
1,5.9514372791847805,1,1
3,4.603778434259652,0,0
4,5.598637660253519,1,0
7,5.581172295940465,0,1
7,5.435730347993194,1,1
5,5.424125017336002,0,0
5,5.5373921520157765,1,1
7,3.6888438021676224,0,0
6,5.970549531115459,0,1
8,5.3351356692178395,1,0
12,6.2205582533163115,0,1
4,4.4153403919685426,1,0
6,5.655863052117067,1,1
5,5.194282259246423,0,0
5,5.609778855911639,1,1
3,4.0518316732474595,0,0
1,5.39159110145392,1,1
2,5.683950305389278,0,0
5,5.9280675102201705,0,0
8,3.779674633411293,1,1
5,6.266916135245618,0,1
2,3.6546233853338883,1,0
8,6.200104928625876,1,1
6,5.399628952885186,0,0
11,5.762578182330886,1,1
7,4.415772473770307,0,0
13,5.780302226090811,1,0
3,6.302080330096273,0,1
2,3.6993542114151134,0,0
5,5.145656970988961,1,1
6,5.032896134084133,0,1
4,6.089139944655419,1,0
3,5.593865950595953,1,0
8,5.242910694938454,0,1
3,3.618091248344258,1,0
2,5.997185916680287,0,1
6,5.232231585180373,1,1
2,5.1518526184621125,0,0
0,5.96008459010798,0,0
10,7.339563051914123,1,1
2,4.492540379336287,0,0
10,6.574569457096349,1,1
10,4.712778792146851,1,1
0,3.1518144945555417,0,0
3,4.641254337825215,1,1
0,3.898949226613182,0,0
1,5.0786381145639705,0,0
5,8.112056335588269,1,1
4,4.8577674808868085,0,0
12,7.305077467488314,1,1
3,4.685885226266035,0,1
5,2.374246933338271,1,0
7,5.9224753738976545,1,1
0,3.4761702199230493,0,0
0,4.045414028311659,1,0
2,6.568702741226203,0,1
6,4.504712943644217,0,0
1,6.675663815432134,1,1
3,4.22829058854722,0,0
5,2.158400773068011,1,1
6,5.120388755742013,0,1
8,7.471596411577501,1,0
4,2.886287416199707,1,0
3,6.063215991463586,0,1
2,6.168193699819842,0,0
1,4.783686641560157,1,1
6,2.92474217527277,0,1
11,6.109252772161637,1,0
10,3.7650206242527537,1,0
3,4.444930692735415,0,1
4,4.272133695083474,1,1
5,4.253357369535083,0,0
8,5.883318343824241,1,0
2,4.830124523675734,0,1
2,3.7408393281314325,1,0
7,4.432906817742607,0,1
6,2.9851149848129355,0,0
5,6.030037993411311,1,1
4,2.5950744472177023,0,0
3,4.165246814276889,1,1
1,5.263963160643523,1,1
7,6.209794851404007,0,0
6,6.296550577106212,1,0
1,3.915434320596555,0,1
2,3.263419730707777,0,0
1,4.079997557984615,1,1
4,3.2797983680218596,1,0
3,6.020239150469612,0,1
4,3.1308243223058967,1,0
11,4.8301522494150895,0,1
3,5.09480069027965,1,1
0,6.143595440410454,0,0
16,4.1957474957415295,0,1
7,6.491114730724526,1,0
5,4.866625677140213,0,1
6,3.486941238912584,1,0
2,6.705376336132404,1,0
12,5.556171311926727,0,1
4,4.760196548846953,1,1
3,2.963052519145407,0,0
8,4.686908171046499,1,1
7,4.07414428774382,0,0
2,3.913206799016429,0,0
2,3.4960887131539584,0,0
11,4.197905694932951,0,0
11,4.2991045458559976,0,0
1,3.913206799016429,0,0
1,3.4960887131539584,0,0
3,4.197905694932951,0,0
3,4.2991045458559976,0,0
2,3.8967622668171207,0,0
2,4.309856232185664,0,0
5,3.209643886755652,0,0
5,3.3449042099520723,0,0
7,6.7729433350161905,0,0
7,7.10997054242253,0,0
6,5.640873094023217,0,0
6,5.721986048179623,0,0
8,4.238783277661063,0,0
8,6.167714443408068,0,1
1,3.6205179784655526,0,0
1,3.3053479445348417,0,0
5,3.542098781064637,0,0
5,3.154985609876971,0,0
6,3.8967622668171207,0,0
6,4.309856232185664,0,0
5,3.209643886755652,0,0
5,3.3449042099520723,0,0
12,6.7729433350161905,0,0
12,7.10997054242253,0,0
7,5.640873094023217,0,0
7,5.721986048179623,0,0
4,3.6205179784655526,0,0
4,3.3053479445348417,0,0
0,3.542098781064637,0,0
0,3.154985609876971,0,0
5,4.554245569524648,0,0
6,6.482796290874631,1,1
8,3.7177169054558084,1,1
9,5.19775673243625,0,0
8,8.121665755406658,0,0
7,7.203520652400064,1,1
3,4.187706949018141,1,1
1,3.674993273129704,0,0
8,3.5749162671433607,1,1
2,2.569885035721385,0,0
3,3.269292136569553,1,0
4,4.529714767171827,0,1
10,4.329069712433202,0,1
9,8.570458745389876,1,0
8,3.8943752910666554,0,0
3,5.581579021786311,1,1
0,5.71832710508497,1,0
3,4.694602324845487,0,1
2,3.7132698707832574,0,1
6,5.242542254110164,1,0
1,6.312053410439775,0,0
3,3.567118860000253,1,1
10,5.180134698063291,1,0
4,6.139274187219595,0,1
3,3.6388843098331893,1,0
2,4.992919926131275,0,1
8,4.637155779958179,0,1
1,4.641814051612416,1,0
3,5.501437235451492,0,0
4,6.59134700391232,1,1
5,4.117281380338197,1,1
4,3.6793966629833497,0,0
6,5.532540668603456,1,0
8,4.512237623080914,0,1
10,5.870144151905976,1,1
4,5.206681189102916,0,0
1,5.168669367802885,0,1
1,5.172017251335971,0,0
1,4.679807637917573,0,1
1,4.6197732588638,0,0
3,5.639329839254762,1,0
3,5.659309214025614,1,0
3,5.872705715239309,1,0
3,5.885158462614637,1,0
0,5.168669367802885,0,0
0,5.172017251335971,0,0
0,4.679807637917573,0,0
0,4.6197732588638,0,0
7,5.639329839254762,1,0
7,5.659309214025614,1,0
7,5.872705715239309,1,0
7,5.885158462614637,1,0
3,5.521031306489694,0,0
8,5.457441892891762,0,0
9,6.396977220597136,0,0
9,6.619483344999511,0,0
9,6.680407726753824,0,0
9,6.822675631840228,0,0
5,4.926317838161726,0,0
5,5.010652391208548,0,0
5,4.112454501892157,0,0
5,4.174129774191828,0,0
8,6.396977220597136,0,0
8,6.619483344999511,0,0
8,6.680407726753824,0,0
8,6.822675631840228,0,0
3,4.926317838161726,0,0
3,5.010652391208548,0,0
3,4.112454501892157,0,0
3,4.174129774191828,0,0
4,4.8344816801044495,0,0
7,4.078307523987461,0,0
6,4.450452479261321,0,0
2,6.061008469277102,1,1
4,4.736582199400328,1,0
8,5.964414659781532,0,1
3,4.667029092323222,0,0
5,5.595580617020871,1,1
3,4.277281862172604,0,0
6,4.414635568241279,1,1
1,5.178528673204517,0,0
2,3.8921983982367587,1,1
7,6.4738853741762465,1,1
1,3.766349833925317,0,0
3,4.893804579672411,0,1
4,7.456259945184849,1,0
5,3.424546434491013,1,0
1,3.646020348267893,0,1
1,3.6749076069703284,0,0
5,5.91614147983741,1,1
5,5.344318412265997,1,0
0,3.5187094202103006,0,1
14,5.367930510982234,0,0
8,6.65624046516851,1,1
1,4.008767731741422,1,1
2,7.862095937413569,0,0
6,5.627131992908189,1,1
11,5.257028466197589,0,0
2,5.427543854854998,0,0
1,4.780477260501013,1,1
2,4.604886227851152,0,1
5,4.2582271647384715,1,0
1,3.679700855588613,0,1
3,6.4130824637979975,1,0
4,6.490221693853071,0,1
5,3.4652583233830185,1,0
1,3.20848967499888,0,1
3,5.996812567693119,1,0
1,4.624160689435518,1,0
4,4.398381448097549,0,1
4,3.286221852128331,1,1
2,3.482014291029187,0,0
3,5.689293128643547,0,0
1,4.304860969922218,1,1
6,3.808152812613944,0,0
5,5.541628929833436,1,1
2,3.72059409523287,0,0
3,4.64714579551954,1,1
1,2.755527856842919,1,1
8,3.9029544942918477,0,0
5,5.960776571268166,1,0
1,3.1754166977715648,0,1
4,4.871434440220659,0,1
6,3.8591289680085126,1,0
3,4.888859794386546,0,0
3,4.350948696950342,0,0
3,4.331218803281416,0,0
3,4.339961383818479,0,0
11,4.305680165910753,0,0
11,4.329375585542384,0,0
11,4.158482592916016,0,0
11,4.182177774129068,0,0
7,4.79689701553968,0,0
7,4.3430043747835185,0,0
7,4.037622178851263,0,0
7,3.560323777783716,0,0
0,3.541466759616057,0,0
0,3.5660529144998385,0,0
0,3.525567997754546,0,0
0,3.550154152638328,0,0
4,5.140787547292787,0,0
4,5.164673493819286,0,0
4,5.052773417591136,0,0
4,5.052109571175314,0,0
0,3.8814140217518207,0,0
0,3.8850495528228652,0,0
0,2.8609327319814026,0,0
0,2.8645685014710263,0,0
7,3.5109252325288285,0,0
7,3.519667813065892,0,0
7,4.300983528165283,0,0
7,4.309725870283767,0,0
7,5.379774282674451,0,0
7,5.42241954137145,0,0
7,5.240661781962137,0,0
7,5.283307040659137,0,0
4,4.888859794386546,0,0
4,4.350948696950342,0,0
4,4.331218803281416,0,0
4,4.339961383818479,0,0
0,4.305680165910753,0,0
0,4.329375585542384,0,0
0,4.158482592916016,0,0
0,4.182177774129068,0,0
1,4.79689701553968,0,0
1,4.3430043747835185,0,0
1,4.037622178851263,0,0
1,3.560323777783716,0,0
6,3.541466759616057,0,0
6,3.5660529144998385,0,0
6,3.525567997754546,0,0
6,3.550154152638328,0,0
6,3.5109252325288285,0,0
6,3.519667813065892,0,0
6,4.300983528165283,0,0
6,4.309725870283767,0,0
3,5.379774282674451,0,0
3,5.42241954137145,0,0
3,5.240661781962137,0,0
3,5.283307040659137,0,0
3,5.140787547292787,0,0
3,5.164673493819286,0,0
3,5.052773417591136,0,0
3,5.052109571175314,0,0
0,3.8814140217518207,0,0
0,3.8850495528228652,0,0
0,2.8609327319814026,0,0
0,2.8645685014710263,0,0
4,4.761777491745826,1,1
2,3.295619998011304,0,0
18,5.800411049582356,1,0
3,3.3396889046074136,0,1
3,4.291944296400157,0,0
0,4.588930203189784,1,1
1,4.3969720511021375,1,1
11,4.876229231165743,0,0
9,5.343930459331651,0,0
1,3.772418724190505,1,1
5,4.555305123073787,1,1
13,4.591341732331629,0,0
4,4.511161689371351,1,1
3,3.3008890819757273,0,0
4,3.800215873555966,1,0
3,4.7466430279210945,0,1
3,3.7177907914729422,1,0
1,2.521898873184629,0,1
3,4.497559714955099,1,1
1,5.612807013449345,0,0
4,3.505211363472708,1,0
3,5.379825712289007,0,1
6,3.3130826218736473,1,0
3,4.364342451255702,0,1
8,4.805546244060375,1,1
5,4.068256758705132,0,0
6,3.707416291066215,1,0
5,4.239444862147471,0,1
4,3.519422499678437,0,1
7,2.5302808616252728,1,0
10,4.97195760002797,1,0
0,5.247034102579294,0,1
8,3.9731233298447126,0,0
8,4.4345439115358545,0,0
9,4.313317572804193,0,0
9,4.761710515966102,0,0
6,3.9731233298447126,0,0
6,4.4345439115358545,0,0
8,4.313317572804193,0,0
8,4.761710515966102,0,0
7,4.381694086034209,0,0
2,3.5713900878643337,1,1
4,3.057599061822175,1,1
5,4.38358003294834,0,0
10,6.07844624790771,1,0
4,5.646169076029651,0,1
9,4.113793992371176,1,1
7,4.672735357561471,0,0
5,4.349438594801706,0,0
6,4.061987822118358,1,1
1,3.765650082882285,0,1
3,4.538221768035545,1,0
2,3.1237591791510457,0,1
2,3.045878542362733,0,0
10,4.305280602543496,1,1
10,5.1210488255380415,1,0
3,3.1237591791510457,1,1
3,3.045878542362733,1,0
2,4.305280602543496,0,0
2,5.1210488255380415,0,0
6,5.752048336304725,0,0
7,3.885501368163168,1,0
10,5.8109073064279375,0,0
5,5.355863208270465,0,0
7,5.9255761726982,0,0
11,3.754236148444457,0,0
5,3.016558891150793,1,1
3,5.121346208960137,0,0
4,5.450131844687628,1,1
3,5.195685602305144,0,0
3,6.040919660232184,0,1
5,3.8921879948093308,1,0
3,6.4490992562057805,1,0
1,3.8432206374894404,0,1
2,3.027553768316807,1,1
6,5.93702714551554,0,0
7,5.653068610764558,0,0
2,3.827528954585607,1,1
2,4.155919038398093,0,0
3,5.0980735824951715,1,1
7,4.879954212832282,1,1
1,3.15337892900898,0,0
3,4.603395139467249,1,1
2,5.836220635567631,0,0
17,4.521674425799661,0,0
0,4.269270270321564,1,1
3,3.833036854084779,1,0
6,5.627867415905438,0,1
8,4.40512374061381,1,0
10,5.922187252540062,0,1
9,5.305103250091489,1,1
2,3.113477227788277,0,0
2,4.904329486806016,1,0
1,5.732482769313908,0,1
2,3.887133482430821,0,0
1,5.34443914167559,1,1
11,5.628199022577455,1,1
6,3.340466373594106,0,0
3,5.06769135486374,0,0
1,4.789320101236003,1,1
1,3.141113930291424,1,1
8,5.339286053158181,0,0
2,5.002235124129868,1,0
0,3.614952680799659,0,1
5,3.4853563209570964,0,0
6,5.752489237446538,1,1
5,5.419767766377381,1,1
4,4.441242367429802,0,0
5,5.700336321490125,1,0
3,6.05739460505841,0,1
7,3.4640502434296305,1,1
0,4.945539217543725,0,0
11,4.748803559103317,1,1
0,4.508178374247491,0,0
14,6.223262117487227,1,1
3,3.9356620878954356,0,0
6,4.655924822365123,1,0
5,5.738177463571143,0,1
11,4.412975873391787,1,1
1,4.174863528864845,0,0
8,4.472996453234379,1,1
4,3.8357910722428574,0,0
3,5.819043679520796,1,1
2,4.243004091994825,0,0
3,4.699799238311799,1,1
1,4.267174787213735,0,0
8,5.092373796309268,1,0
0,5.171812121670292,0,1
2,3.408789783198878,1,0
3,4.035906917465075,0,1
5,4.503869532672267,0,0
3,6.162320185722281,1,1
7,5.293963565404809,1,1
4,5.024658531491033,0,0
5,5.451565879237925,1,0
3,4.45136296524913,0,1
5,3.4094933834493704,1,1
2,4.013562245794852,0,0
4,4.535407150302186,1,0
2,4.650984987187931,0,1
2,3.95040661041355,0,0
7,5.121480676132936,1,1
2,3.5377920600587194,0,0
3,5.43188860878603,1,1
7,4.558896925448655,1,0
1,4.714347119434396,0,1
5,5.202882753097205,1,1
0,3.0884612131445,0,0
4,4.5015601658036735,1,1
3,2.742260700664385,0,0
2,5.885061900194788,1,1
6,3.6808947841262,0,0
7,4.663114881390826,0,1
5,3.3798281178067233,1,0
5,5.008926198907029,1,1
3,4.177661706572053,0,0
8,4.034809912484195,1,1
2,2.2993038515660698,0,0
3,4.521235492797235,1,1
6,3.2233327660619846,0,0
8,5.659959177823374,0,1
11,4.2733056318481175,1,0
7,5.087845553012966,0,1
6,3.9871850210280497,1,0
4,3.971346200923355,0,1
8,3.2509995115467136,1,0
10,5.178799727274991,1,1
5,3.2523067980324347,0,0
5,4.78988805574948,0,1
8,3.616260999776775,1,0
2,4.562343207523777,0,1
1,4.421388983559054,1,0
0,5.2097855792108625,1,1
6,3.6334985600326526,0,0
4,3.5732449755550575,1,1
3,3.227671195619772,0,0
6,4.71136146648319,1,1
2,3.165680284398222,0,0
8,5.335883621019118,0,1
11,4.161032287175534,1,0
8,5.64224892106641,0,1
2,3.893642793431022,1,0
1,5.52110347065417,0,1
3,4.273962330931958,0,0
2,3.7834437013319224,1,1
2,3.4192528524440977,0,0
8,6.411883934120551,0,0
7,4.019465011733712,1,1
6,3.8351840131448363,1,1
10,4.814889841514943,0,0
18,5.8072459660303215,1,1
1,2.7784475760500467,0,0
0,2.4867809554389098,0,0
3,4.773020939765015,1,1
3,4.288070972187086,0,0
2,6.258778644078292,1,1
4,3.7670510960260213,1,0
6,4.405565211628329,0,1
3,3.8751978217856653,1,0
1,4.399681115903776,0,1
2,4.001777057640096,0,0
4,4.137525793970912,1,1
8,5.2415119496950275,1,0
5,6.960131253500952,0,1
8,3.7363212107813117,0,0
3,4.274701380754421,1,1
0,2.5164715466837153,1,0
8,4.9312242067617085,0,1
8,4.629696305427842,0,0
0,4.331690987140872,1,1
6,4.242625722655618,1,1
9,5.332132648446498,0,0
8,4.358890937677113,1,1
4,4.1579604357258,0,0
14,5.767480095631951,0,0
3,5.340780721625196,1,1
7,2.594882592894307,1,1
8,5.032346988454034,0,0
3,4.1588622153984804,0,0
4,5.258749668192811,1,1
3,4.786712200298902,0,1
9,3.832641048394274,1,0
3,4.510574460081635,0,0
8,5.511061291667069,1,1
10,5.94377633306631,0,1
6,4.623814339622612,1,0
5,6.026983252370069,1,1
7,4.516950552598212,0,0
0,5.913950921250354,1,1
1,3.3339746558602905,0,0
13,5.677696625463659,0,1
6,5.535007044555632,1,0
1,5.626699556840499,1,0
5,5.1378166693382,0,1
5,5.192896960591855,0,1
0,4.406371457653067,1,0
5,5.56842022059794,1,1
3,5.649280137764219,0,0
1,4.014149600950913,0,0
10,5.380444148613203,1,1
3,5.752803255913657,1,1
6,6.096171969176865,0,0
8,5.463607619639767,1,0
7,4.660455408245964,0,1
6,5.746146450072212,0,0
5,3.4312825731293035,1,1
3,5.610478628101442,1,1
2,6.0519080872474795,0,0
5,5.182078341162239,1,1
0,4.466695374046802,0,0
3,3.2585124525688665,1,1
4,5.58472187312735,0,0
7,5.521352216855462,0,0
8,4.9831770225849805,1,1
5,5.20470294399478,0,1
2,3.828919265469663,1,0
11,6.099159060454609,1,1
7,5.98635509840213,0,0
16,7.094470538801158,1,1
3,4.608430266368752,0,0
7,6.36090303156983,0,1
6,5.930363944632635,1,0
8,3.5718505374877836,1,0
1,4.642070942803528,0,1
4,4.741319536116545,1,1
7,3.9254680736217784,0,0
8,5.927620158130528,1,1
4,5.1255809968831105,0,0
10,6.490067256135964,1,1
1,4.71382700614458,0,0
4,6.002654521617373,0,1
3,5.563150298661139,1,0
7,3.3928648255423783,1,0
6,3.908815817138593,0,1
16,7.264784433985289,1,1
7,4.561747113376423,0,0
3,5.1527550335626575,1,1
7,4.054053012595078,0,0
1,5.920996872621043,1,0
6,4.3430560085509144,0,1
8,4.956420054098658,1,0
5,6.028530708171129,0,1
7,4.597332856775301,0,0
2,5.527894891066344,1,1
1,3.6922594024461093,1,0
8,4.201988297652287,0,1
5,3.765062970669101,0,1
3,5.470277495436873,1,0
3,6.007789765624732,1,0
2,4.640212023049764,0,1
5,4.855332047418914,1,0
4,5.869186893265718,0,1
8,5.6061674553344485,0,0
4,6.00753516512275,1,1
7,4.329823094839841,1,0
10,5.521048025023852,0,1
7,4.4033184863979855,1,1
4,5.770840573393358,0,0
8,5.87204575840348,1,0
7,5.058107000728812,0,1
2,5.072701888752876,0,0
5,7.171977790635527,1,1
8,5.809344645082293,0,0
4,6.370846539751401,1,1
0,3.830122325997851,0,0
4,5.4202611597159365,1,1
0,3.1454816793148845,1,1
3,5.705511943143314,0,0
8,6.075851218657181,1,1
3,4.491020808828882,0,0
9,6.208859980805988,0,0
4,3.880091441116651,1,1
4,4.826375530710945,0,0
8,5.847457075274602,1,1
3,4.441105469182874,1,1
8,6.665157683074835,0,0
1,2.4839511888812233,0,0
2,6.47808669933881,1,1
9,4.44089727869726,1,1
11,6.428744756955611,0,0
8,6.156953894796187,0,0
11,4.665751193400617,1,1
8,6.272037735619572,0,0
1,2.6168339357414325,1,1
5,2.5483953799064616,0,1
2,5.732758289282959,1,0
3,4.698564037172787,1,0
4,6.614047140675556,0,1
1,5.79582815518249,1,1
8,4.7715034602421005,0,0
2,4.423091054689767,1,0
5,6.18386181981289,0,1
7,6.331711608166154,0,0
5,2.762617932057198,1,1
12,5.619877363300269,0,1
5,7.08746878398102,1,0
9,3.7129866900100232,1,0
5,5.791051748362287,0,1
6,6.286888059106587,1,1
3,5.27711884557916,0,0
4,5.590739174035638,1,1
7,4.325156981559367,0,0
7,6.391647054174885,1,0
5,5.1812200698675355,0,1
6,4.690050536778967,1,1
4,6.118734961768935,0,0
7,6.2435400783478805,0,1
2,3.3884643505690235,1,0
4,6.036661754143928,0,1
6,4.86657603182003,1,0
9,7.26855500174516,1,1
2,4.254815445178821,0,0
4,5.683885193800998,0,0
3,3.881699417438246,1,1
3,5.498382872079899,1,1
11,6.847478378180922,0,0
6,6.378215623744356,1,1
5,3.390451711030571,0,0
0,5.3580277387252035,0,0
3,5.402718857819245,1,1
5,7.284768958875608,1,1
2,4.848174175409718,0,0
7,5.6628167557858475,1,0
5,6.853846298900857,0,1
2,5.57316124274959,0,1
9,3.381095525662851,1,0
4,3.835953689446189,1,1
3,4.66054584915249,0,0
19,5.907554836492675,1,0
8,5.381081259767338,0,1
6,5.013599217388839,0,1
1,5.988061316321393,1,0
1,5.552958437530352,1,0
4,3.741210919703835,0,1
4,6.885518329021501,1,1
3,4.840766102047896,0,0
0,4.364713523030723,1,1
1,6.038527092936709,0,0
9,6.787185191536688,0,0
2,3.9858211332478533,1,1
2,4.937554118654759,0,1
2,4.937554118654759,0,0
2,4.356226227918791,0,0
2,4.356226227918791,0,1
1,4.946935300905247,1,0
1,4.946935300905247,1,0
1,5.052213514662548,1,0
1,5.052213514662548,1,0
7,4.472138280292817,0,0
7,4.472138280292817,0,0
7,4.522878194897201,0,0
7,4.522878194897201,0,0
5,4.687536217014305,1,0
5,4.687536217014305,1,0
5,5.158126541097588,1,0
5,5.158126541097588,1,0
5,6.18290913520426,0,0
5,6.18290913520426,0,0
5,5.648977838818382,0,0
5,5.648977838818382,0,0
5,4.021244908992346,0,0
5,4.021244908992346,0,0
5,4.670483213568081,0,0
5,4.670483213568081,0,0
3,4.377346920122602,0,0
5,5.144611280842029,0,0
4,4.937554118654759,0,0
4,4.937554118654759,0,0
4,4.356226227918791,0,0
4,4.356226227918791,0,0
8,4.946935300905247,0,0
8,4.946935300905247,0,0
8,5.052213514662548,0,0
8,5.052213514662548,0,0
9,4.472138280292817,0,0
9,4.472138280292817,0,0
9,4.522878194897201,0,0
9,4.522878194897201,0,0
9,4.687536217014305,0,0
9,4.687536217014305,0,0
9,5.158126541097588,0,0
9,5.158126541097588,0,0
8,6.18290913520426,0,0
8,6.18290913520426,0,0
8,5.648977838818382,0,0
8,5.648977838818382,0,0
10,4.021244908992346,0,0
10,4.021244908992346,0,0
10,4.670483213568081,0,0
10,4.670483213568081,0,0
4,7.406897227608274,0,0
15,5.966460592128151,0,0
4,5.047829247170554,0,0
3,5.519012833085213,1,1
7,5.32871279874323,1,1
3,5.185675814202382,0,0
2,5.417413715340908,1,1
5,7.275930611381535,0,0
9,5.891413305027691,1,0
6,4.448027482467477,0,1
1,5.306096063706252,0,0
3,4.613104888332308,1,1
7,5.124932561344375,1,1
12,6.778968346863853,0,0
6,5.868815985594795,0,0
0,5.100874733913193,1,1
4,4.4341630068470534,1,1
6,7.1079960478911985,0,0
7,5.996028709031665,0,1
1,4.137856325199429,1,0
7,5.27600119994996,0,0
3,4.305724597906531,1,1
6,5.891408754313867,0,1
3,6.749847276787916,1,0
9,5.979473611278671,1,0
0,3.890857474230951,0,1
2,5.802394730253942,1,1
8,5.212513025733557,0,0
2,3.5870855897792566,1,1
13,6.7666132991555745,0,0
0,3.3454093334521513,0,0
3,4.611489806759133,1,1
5,5.821276515311941,0,0
2,5.604962573650056,1,1
5,3.067385780363459,1,1
10,6.3910276319125,0,0
4,4.573308344190227,1,0
0,5.287072828157464,0,1
7,5.032843088185403,1,0
6,7.040254624779802,0,1
10,3.6327085278432625,0,0
5,6.089271046148778,1,1
0,2.767200744494934,1,0
11,4.445964013530918,0,1
2,4.869999197817483,0,0
5,5.941637419941366,1,1
2,4.642533512688844,1,0
0,5.054495714504691,0,1
6,4.875390852911878,1,0
3,7.661524669743317,0,1
8,4.066620252213612,0,0
17,7.520693802929866,1,1
11,4.990732119714799,0,0
6,5.748662269786789,1,1
6,3.0447640099207183,1,0
11,4.74656307934135,0,1
5,4.589237564489408,0,0
3,4.8032933247555185,1,1
7,5.002476775460617,1,0
10,6.275275079246478,0,1
8,4.5092278671535215,0,0
0,4.827014926764291,1,1
8,4.7304204192803505,1,0
2,5.711973849776039,0,1
7,5.192614557259929,0,1
9,4.057034909603681,1,0
4,6.015012716460691,1,1
11,6.281895574507427,0,0
4,6.496318068288718,1,0
0,4.208339331480006,0,1
1,4.320377121199117,1,1
10,5.48632531593957,0,0
7,4.5611394588472844,0,0
8,5.529765241662252,1,1
3,4.65776116544178,0,1
6,3.777387307822206,1,0
9,7.7323305992217115,0,1
1,6.1726826352909665,1,0
2,5.4300991386389645,0,0
9,5.0564745559773865,1,1
4,4.337880022733847,0,0
5,5.404374702991285,1,1
3,5.107912109046729,0,0
4,6.771366358261845,1,1
6,4.982975021514006,1,1
5,4.338489655839717,0,0
5,6.84499285176533,0,0
12,7.473241992691005,1,1
2,5.052327555250971,0,0
4,5.161854559734126,1,1
2,6.428884282954252,0,1
1,3.034897325817718,1,0
5,6.314057997659388,0,1
19,5.33836685716126,1,0
2,6.927404262615241,0,1
4,5.295181902266032,1,0
4,4.772471221521612,1,1
6,5.478404201304761,0,0
7,5.816574197771134,0,0
8,5.011606445318016,1,1
6,6.593814795479448,1,1
2,3.170038846142019,0,0
10,7.8480681706976405,0,1
2,4.517197827610927,1,0
6,5.6099253694167714,0,1
8,5.25504921195048,1,0
2,4.35226148756886,1,1
3,5.1205648200076865,0,0
2,5.552839499659378,0,0
9,5.236420013044848,1,1
4,3.0987569757449913,0,0
13,7.040472100437008,1,1
2,5.199546261782805,0,1
4,4.818472374434955,1,0
7,6.200134973066991,0,0
6,5.810453773518788,1,1
1,3.02269796972962,0,0
6,6.957768849082061,1,1
6,5.33070978368608,1,1
1,4.904565319072618,0,0
2,4.912028877969783,1,1
4,7.1827230633938335,0,0
8,4.936238008704975,1,0
5,5.139651415933743,0,1
6,5.916227395986556,0,0
2,6.056315101720985,1,1
2,3.437505054345834,1,0
5,6.51767181059701,0,1
18,6.1531959434263594,1,1
5,5.478162831879344,0,0
5,5.111934448477828,1,0
2,5.873287349217181,0,1
3,4.083304793152698,1,0
1,4.318362008509235,0,1
5,5.069022795875168,0,1
4,3.7161866096857663,1,0
10,6.258681742270021,1,1
3,5.0321544704918235,0,0
7,5.508624696826109,0,1
3,5.49692275501455,1,0
1,6.594322760379388,1,1
9,5.309206195260369,0,0
2,5.419880317578235,1,1
4,5.250331929692289,0,0
1,5.295235401029114,0,1
7,4.0917980796047395,1,0
2,6.040496139543485,0,1
3,3.97083102953172,1,0
1,6.533675376226595,0,1
2,4.973902407081546,1,0
8,5.1884297912742925,0,0
8,5.149978779981847,0,0
8,6.532098604163452,0,0
8,6.340559097928287,0,0
4,5.662845883302234,0,0
4,5.624394633591209,0,0
4,5.562744828672949,0,0
4,5.524293817380505,0,0
8,5.211800186487455,0,0
3,3.610600093234404,0,0
6,5.727066155425025,1,0
6,5.6922924162171,1,0
6,4.745812253833561,1,0
6,4.695011322831561,1,0
10,4.719995858386548,0,0
10,4.669194927384547,0,0
10,4.532999107931677,0,1
10,4.482198176929677,0,0
2,6.019774164036047,0,1
7,3.953338452607152,1,0
12,5.1884297912742925,0,0
12,5.149978779981847,0,0
12,6.532098604163452,0,0
12,6.340559097928287,0,0
4,5.662845883302234,0,0
4,5.624394633591209,0,0
4,5.562744828672949,0,0
4,5.524293817380505,0,0
4,6.569949451735024,0,0
6,5.418495082777583,0,0
3,5.727066155425025,0,0
3,5.6922924162171,0,0
3,4.745812253833561,0,0
3,4.695011322831561,0,0
2,4.719995858386548,1,0
2,4.669194927384547,1,0
2,4.532999107931677,1,1
2,4.482198176929677,1,0
7,5.405402168469687,0,0
4,6.1432411581841215,1,1
5,4.0553311744463585,0,0
5,6.082048935923251,0,1
9,5.290705557818491,1,1
2,4.460251529413848,0,0
0,4.309976607274759,1,0
5,3.026690659275763,0,1
5,4.888136497758275,0,1
8,6.953231586293896,1,0
1,3.514914288887871,1,0
16,9.528713203053712,0,1
8,4.831135035123359,0,0
4,8.318990580767226,1,1
0,5.39510308177346,0,0
2,6.220795793714819,0,1
3,3.5914226087538426,0,0
4,9.699838910937094,1,1
4,5.5274766787066145,0,1
12,4.593665599693746,1,0
5,4.1865477402621645,0,0
6,3.169624467336452,1,1
7,4.57113512645139,0,1
7,7.621107708884978,1,0
4,3.483634409909971,0,0
5,5.027402665841495,1,1
5,4.696660453938743,1,1
13,5.048279718109175,0,0
4,6.02150758100238,0,0
7,5.256343851182727,1,1
1,6.032719154002914,0,1
5,5.627930662658404,1,0
7,5.3434630822816995,0,1
5,4.25110783404661,1,0
0,3.5300363392624945,0,0
3,5.041756500020934,1,1
2,5.1564620607507425,1,1
7,5.175703635221896,0,0
6,4.580086742648435,0,0
7,5.6525083174462285,1,1
8,5.505897029174539,1,1
3,4.969974005977118,0,0
9,5.54071976545233,0,0
8,5.028485417914238,1,1
10,4.159715108067351,1,0
3,4.868084693344088,0,1
10,5.17906711505019,0,0
4,5.555451371358107,1,1
1,4.844670913577267,1,0
2,4.660701747261984,0,1
3,5.976884349552163,0,1
3,4.255565963689718,0,0
2,5.4364402470180035,0,1
12,5.578048191114595,1,0
3,4.843469026285528,0,1
5,4.780816532493704,1,0
8,5.660472074263195,0,1
4,5.345268429630226,1,0
5,6.503618493039911,1,1
8,5.476384492302493,0,0
8,5.876219511331226,1,0
6,4.093061736084785,0,1
6,4.888452041729687,1,1
1,4.921048878331654,0,0
3,4.291410596549982,0,0
4,5.0788989831833735,1,1
7,5.781319590830668,1,1
5,5.528376966000259,0,0
3,5.631975338775373,1,1
1,4.05472390443887,0,0
3,5.4933326649393655,1,0
1,5.1894507865139765,0,1
4,3.7263365763075127,1,1
2,4.934778594291031,0,0
6,4.3138535891600185,1,0
4,5.109199181187367,0,1
4,6.158372342126157,0,0
8,5.550621953559691,1,1
10,5.527217651855901,0,1
3,3.8233140404488073,1,0
2,5.970230631599312,1,0
9,6.218909563111881,0,1
10,4.456972510973299,1,1
6,4.962130679300843,0,0
5,6.791439083702181,0,0
4,4.707277574867546,1,1
11,5.830930633309979,0,0
4,4.108382994691537,1,1
5,4.66624560322856,0,0
7,6.060223777429213,1,1
5,5.049939681062386,1,1
11,6.166286003241494,0,0
5,4.351107145616334,1,1
7,5.914315034072597,0,0
5,6.712982561498778,1,0
2,4.781621323023723,0,1
6,5.11939986441694,0,0
2,5.688779510586196,1,1
10,6.002472545290793,1,0
6,4.940716241685412,0,1
7,5.106596435310688,1,1
6,6.30241894835696,0,0
2,4.264346088280994,1,1
4,5.8798787036556845,0,0
6,7.11627552548209,1,0
3,3.528739020361993,0,1
5,4.788920127635302,1,0
2,5.658517814110447,0,1
9,5.950573174566157,1,1
1,6.210575613407797,0,0
8,3.848294465170789,0,1
11,5.490348073201946,1,0
3,4.119683047216558,1,1
12,5.806251144207211,0,0
3,5.098275148668636,0,0
4,4.8214486883861,1,1
12,6.323083103582698,0,0
3,5.575879745859938,1,1
5,3.9702398495848987,0,0
7,9.99170519983669,1,1
3,4.0068575972803595,0,0
6,5.2978005124896335,1,1
12,5.82838414584767,1,1
6,6.26836918966573,0,0
3,6.47749476659029,0,0
0,4.957906945296944,1,1
4,3.957581742272418,1,0
13,9.674718676499571,0,1
5,5.107909708663685,0,0
11,5.361192857379212,1,1
2,3.8433277690453016,1,0
11,5.844580996731821,0,1
6,5.128316773524915,1,1
1,6.786745806828868,0,0
15,7.368352339436727,1,0
0,4.8160584950374155,0,1
4,4.653051649142689,1,0
2,5.1874740194106765,0,1
8,4.013569373190883,0,0
2,7.630007051569557,1,1
2,4.437756738891746,0,1
4,3.5158080973202717,1,0
13,5.93375571677663,0,0
5,4.640106660064577,1,1
5,5.672338008674476,1,0
8,7.027545577284027,0,1
3,5.425363725615105,1,1
6,7.281715417037699,0,0
8,5.069961195604716,0,0
6,7.965151121469868,1,1
0,3.635904289148879,0,0
9,4.809266355106831,1,1
4,5.951984806527868,1,1
2,5.341986263698525,0,0
2,5.38882256826378,1,0
4,4.911256903003684,0,1
5,4.9690584915545,0,1
8,8.085951203585278,1,0
6,5.183630049681598,0,0
4,7.793911013936344,1,1
2,3.5390142228837513,0,0
6,4.88218834870961,1,1
3,5.833782188253229,0,0
11,6.008031256054553,1,1
13,6.261687854245489,1,0
4,4.808058662091007,0,1
1,4.928729043081027,1,1
9,7.3350983248971575,0,0
1,5.357588351314057,0,0
0,6.622188834436129,1,1
1,3.665258392487308,0,0
4,3.4963054975844083,1,1
1,5.441462329644404,0,1
3,4.716829203918275,1,0
2,6.434581440779677,0,1
8,6.291129852443542,1,0
3,7.458694170754416,0,1
11,3.5261412827226537,1,0
0,5.49408926690611,0,1
6,5.713645900428194,1,0
3,3.488650136664301,0,0
4,2.858958493369606,1,1
7,5.491823025981036,1,1
3,4.09699040217703,0,0
2,6.1446239030612695,0,0
12,7.902633285061375,1,1
4,6.70622673935221,1,1
2,3.505979147531032,0,0
3,5.440185810561747,0,1
9,5.868517600236384,1,0
4,3.8313773638886417,1,0
8,4.600769959606964,0,1
0,5.007321957123649,1,1
6,7.920976835108982,0,0
5,4.739643319094212,0,0
4,5.789063987091605,1,1
4,5.049603134985926,1,1
0,3.4672271132156807,0,0
8,6.143952617462149,0,0
4,3.5784303192724893,1,1
2,6.752572966490812,1,1
6,4.429731979433115,0,0
7,5.032495966949105,0,1
5,3.374436427267618,1,0
7,5.1148138609457465,1,1
8,7.45352584413372,0,0
11,6.266584979960406,0,0
7,5.942965985130346,1,1
6,5.722463097499343,1,1
5,4.775862612377457,0,0
2,6.1981753969414415,1,1
4,3.8528222208557787,0,0
10,5.160692201202872,0,1
3,3.154292254078949,1,0
2,4.03461514415682,0,0
8,7.515825974617261,1,1
9,6.160803795320971,1,1
8,4.274047776788219,0,0
3,5.735869981926065,0,1
3,3.840629147560863,1,0
1,4.157034094394447,0,1
7,3.390068727563211,0,0
11,4.496245850338992,0,0
2,6.118802937810168,0,0
1,6.0179128930913635,0,0
1,5.969131984074934,0,0
1,6.690901574592305,0,0
1,6.6326353320957185,0,0
5,5.952086211278186,0,0
5,5.876870076630111,0,0
5,6.017802352072264,0,0
5,5.94258645584277,0,0
5,6.0179128930913635,1,0
5,5.969131984074934,1,0
5,6.690901574592305,1,0
5,6.6326353320957185,1,0
3,5.952086211278186,0,0
3,5.876870076630111,0,0
3,6.017802352072264,0,0
3,5.94258645584277,0,1
2,5.437266758381811,0,1
8,4.890578943315536,1,0
8,4.161484000433042,1,0
6,5.216677410233179,0,1
2,7.062427962931805,1,1
5,5.057322405009742,0,0
6,4.274609246105516,0,1
4,6.443877230201061,1,0
7,5.403569749858477,0,1
6,4.777543842685919,1,0
1,4.369985850392931,1,0
6,4.24250142684677,0,1
8,4.554024077542827,1,0
11,5.983190662368831,0,1
9,6.449798451257201,0,1
2,4.893671950149093,1,0
5,3.858405258090478,1,1
4,6.087735799419243,0,0
7,5.825804679607605,0,1
13,5.669481548564351,1,0
3,4.348923137314276,0,0
4,4.019176502450767,1,1
5,4.654969688706192,1,0
3,5.49681129519699,0,1
18,7.85344641337047,1,1
10,5.52852015594909,0,0
6,3.7681182874475536,1,1
3,5.285821633283991,0,0
7,5.659496682948989,1,1
1,5.34971665562999,0,0
9,4.687738415463,1,0
6,4.237538972212654,0,1
4,5.8231717429151075,0,1
6,5.0735264684833155,1,0
4,5.180682914345171,0,0
11,5.9286774774802335,1,1
4,4.914913180233809,0,0
7,4.16448247620298,1,1
1,4.306324755671464,1,0
11,6.136376429152328,0,1
5,4.481677189994929,0,1
3,6.067886744685524,1,0
1,4.4533982575441335,0,0
9,7.031412112746474,1,1
1,4.630159893585349,0,0
4,4.84837297509357,1,1
6,5.150897325179639,0,0
4,4.28847937586546,1,1
1,4.284533319857255,0,0
2,6.553547939561133,1,1
8,5.431250503070452,1,1
9,6.401556069211169,0,0
4,3.728113468789985,1,1
1,6.535750315274896,0,0
5,5.318124670379373,1,0
4,4.2273550558845905,0,1
8,5.404862295801879,0,0
2,4.9670984213360505,1,1
1,4.285656280489205,1,0
3,6.482356432402339,0,1
9,5.4938405424225465,1,1
8,5.701015490799256,0,0
6,4.797529827553925,1,1
4,7.675030910923967,0,0
3,2.826378347479258,0,0
0,5.3104008703254655,1,1
6,3.858391144161006,1,0
2,4.442586643643812,0,1
3,4.9121986116698775,1,0
8,6.505669625050759,0,1
11,7.1698203193759,1,0
4,5.839842116700998,0,1
14,5.212721617782682,0,1
11,5.547393096652552,1,0
5,4.848014289861126,1,0
13,7.502546734878976,0,1
13,5.997167485742282,0,0
2,6.241781238783121,1,1
5,4.384293539027599,0,0
7,5.032436116744472,1,1
5,7.223534780157852,1,0
7,5.643912100382022,0,1
0,5.033188461409728,1,1
7,5.515532420477922,0,0
7,5.191212681601902,1,1
6,7.789992446147911,0,0
2,3.3821145641789574,1,0
0,4.429972504715106,0,1
4,6.147987983577556,1,0
0,5.660012316204587,0,1
6,6.288773811461692,0,0
5,5.071403215701505,1,1
5,5.961149269368173,1,0
2,6.67425167592403,0,1
2,5.210571008083091,1,1
3,4.875351851766592,0,0
2,5.085180450498246,1,1
3,3.9577705740479265,0,0
8,6.172034248740644,0,1
3,4.422769695348751,1,0
7,5.096094828222048,0,1
4,4.4152721231046135,1,0
1,5.075936998760346,0,0
6,6.2454639941224706,1,1
12,5.441095653760417,1,1
4,5.061064942397824,0,0
7,4.903038839021775,0,0
7,4.884445278812915,0,1
2,3.8174110285459966,1,0
2,2.8379861404881233,1,0
3,4.903038839021775,0,0
3,4.884445278812915,0,0
4,3.8174110285459966,0,0
4,2.8379861404881233,0,0
2,6.142264390422462,0,0
10,6.747769559482302,0,0
6,5.319984981065596,0,0
18,6.031552520194085,0,0
4,6.256031644554657,0,0
4,5.586565131429568,0,0
1,3.528103398341985,0,0
1,4.38888866373549,0,0
8,6.256031644554657,0,0
8,5.586565131429568,0,0
9,3.528103398341985,1,0
9,4.38888866373549,1,1
7,5.92511025068112,0,0
7,5.719470090622631,0,0
4,4.602601558223051,0,0
4,4.658565700543031,0,0
10,5.92511025068112,0,0
10,5.719470090622631,0,0
4,4.602601558223051,0,0
4,4.658565700543031,0,0
6,4.79430181395523,1,0
5,4.894489750989053,0,1
1,5.422953124437991,1,1
6,3.862351245806993,0,0
5,4.709671471739151,0,1
4,4.429729402538916,1,0
15,7.232376794607815,0,0
15,8.827998020949508,0,1
4,5.623546584863703,1,1
0,5.226845643099336,0,0
10,4.206497274867668,1,0
7,4.9166126411033275,0,1
10,5.404018803112867,0,0
5,4.1246377294359,1,1
8,4.670952180984878,1,1
15,5.253518404249489,0,0
6,7.65318230838421,1,0
4,7.848626492570153,0,1
2,5.429811437240454,1,1
1,4.72244678603086,0,0
9,6.389459869065668,1,1
7,4.833448385158675,0,0
8,5.256343272505546,1,1
16,5.707645729351163,0,0
8,5.345997814668685,0,0
3,5.2169122075954215,1,1
11,7.505567244649193,1,0
2,7.538102875665203,0,1
1,4.339773002208212,0,0
2,5.001141330791868,1,1
8,6.9465248568362865,0,0
2,3.3084086364755985,1,1
5,6.315885221767211,1,1
4,4.736394939542738,0,0
10,5.152570142231488,1,1
0,4.316482629604377,0,0
6,6.927084146887566,1,1
17,6.947291220890726,0,0
6,7.743281449894697,1,1
4,6.340173735996073,0,0
0,4.807548561901389,0,1
6,4.330461369274373,1,0
6,6.610081248727091,0,0
9,3.722742880730128,0,0
2,5.825166393709619,0,0
2,5.092655645524696,0,0
2,4.87936797652224,0,0
2,3.8065036325483472,0,0
2,5.825166393709619,0,0
2,5.092655645524696,0,0
1,4.87936797652224,1,1
1,3.8065036325483472,1,0
1,4.316304274801021,0,1
3,4.287550348509326,1,0
5,5.78479643345354,1,1
6,5.673089208448619,0,0
4,7.140085974958115,0,0
2,3.262425550754159,1,1
5,3.511158920841449,0,1
9,7.2871019690064,1,0
4,6.474503145025544,1,1
1,3.9505623728891197,0,0
2,4.7574553977986875,0,0
3,5.569890295430992,1,1
4,6.309898970792766,0,0
1,2.7512826065759155,1,1
4,3.473860481831136,1,0
6,7.862651170242988,0,1
13,6.131561972025056,1,1
8,7.792308027313869,0,0
2,7.217695511218515,0,1
0,3.881075957765625,1,0
13,5.540646972357923,0,0
5,5.87843938109741,1,1
2,5.852941782046882,1,0
3,2.974424913653035,0,1
3,3.573075990009184,1,0
8,7.952937886854188,0,1
6,5.698968968805168,1,1
3,6.3362917673280315,0,0
7,4.549593292270395,1,1
4,7.291968381149724,0,0
5,5.878167150582238,1,0
3,5.648132670121062,0,1
4,3.8827910799709717,0,0
11,4.951839531373156,1,1
7,6.124317777963717,0,0
6,6.188473436940269,1,1
15,3.4089116705337235,1,0
6,8.780789823120909,0,1
1,4.134541866128937,0,0
6,8.038904225841161,1,1
0,6.172956713446778,1,0
7,7.1304588735633665,0,1
2,3.281394973498724,0,0
5,6.513006743430681,1,1
1,5.300382215284099,1,1
12,7.399333539446132,0,0
6,4.527062103550514,1,0
4,8.792417283412648,0,1
5,6.266108629199332,1,0
4,5.86962842259622,0,1
5,3.934844606820314,0,0
4,7.304818568723475,1,1
2,2.9598724979840743,0,0
4,5.438563730018649,1,1
9,7.278872913135448,0,1
2,5.258341232436177,1,0
6,5.399193844016395,1,1
0,3.2684151529568934,0,0
6,6.187995549052943,0,1
14,3.9775503258864005,1,0
4,6.781899724570056,0,1
5,5.412180634575548,1,0
5,6.647784238575422,1,1
9,4.158320207974241,0,0
11,7.970554646001045,0,1
5,4.5832204273695725,1,0
3,5.435102975140326,0,1
7,3.4611899263107353,1,0
9,6.094233617692998,0,1
15,5.032431403529376,1,0
3,5.839172375663628,1,1
6,4.8523260931293315,0,0
8,6.080124247754375,1,1
4,5.178573306447906,0,0
4,5.351779432112178,1,1
8,4.074635941362193,0,0
13,7.217862532508942,0,1
4,5.717971426836506,1,0
2,5.84966615340787,0,0
6,5.959973542541432,1,1
3,4.607826333325949,0,1
4,3.6220173701538654,1,0
4,5.003387294513097,1,0
0,5.520244566277745,0,1
2,2.950689758922328,0,0
9,4.602856388431384,1,1
5,6.748166800046436,1,1
1,4.320422257881187,0,0
6,4.290349200339437,1,0
2,5.909011605081457,0,1
12,3.737211080376059,1,0
9,5.604766267040598,0,1
10,6.76582647287564,1,1
5,5.464943146088004,0,0
8,3.4513735788732536,0,0
12,5.463534157377433,1,1
4,6.229362434688136,1,1
3,4.434643197994571,0,0
2,4.481280165093576,0,0
3,6.354418957285315,1,1
10,7.466878356659201,1,1
4,5.431695063541109,0,0
6,5.961862751986027,0,1
0,5.003949630559406,1,0
3,4.693192713904267,0,0
7,8.002132450985469,1,1
9,6.612915089410198,1,1
3,3.274091348071104,0,0
16,5.191221984519304,1,1
7,5.117204571107264,0,0
6,6.749728051612765,1,1
10,4.9360926257496365,0,0
4,3.9758169285522875,1,1
8,8.942271707841385,0,0
21,8.358450758295284,0,0
4,5.124759102826692,1,1
2,5.71449719731546,1,1
8,5.615165525585866,0,0
7,4.4436017201096565,0,0
8,8.54036584492788,1,1
2,6.318813549132582,0,1
7,3.896798818280816,1,0
6,5.296257370510391,0,1
3,4.197071875619583,1,0
6,8.485080797781253,1,1
5,5.012549910068052,0,0
6,5.0112442806444255,1,1
3,3.4318208892004645,0,0
6,4.309390322513516,1,0
5,7.4043845201603755,0,1
8,8.465354630098895,0,0
1,4.912882963657071,1,1
1,4.584647274479028,1,1
2,6.248284656945967,0,0
5,5.619910648033934,1,1
3,7.512845432088048,0,0
7,4.404900432938247,1,0
4,3.9437916947380236,0,1
3,4.1217752084610915,1,0
2,7.512946108422852,0,1
7,8.977244350557667,1,1
0,4.449662075079273,0,0
4,5.651705266476979,0,1
2,6.537635314322097,1,0
4,8.981820626034215,0,0
7,4.728549083134893,1,1
1,3.3981610497690298,1,0
6,4.093135971889456,0,1
6,4.527541386617119,0,0
9,6.758045935381176,1,1
6,7.644067330526543,1,0
1,3.114155886998536,0,1
5,4.527513236714747,0,1
4,7.026837751732501,1,0
9,5.910959556185455,1,1
2,4.581102067348565,0,0
1,5.792871294472044,1,1
4,5.624569544625851,0,0
6,4.316305992888305,1,0
5,6.731923574459627,0,1
2,4.899621056483279,1,1
9,4.669851974692504,0,0
4,7.5420731084038755,1,1
3,3.15235579792349,0,0
3,6.225042043112612,0,1
2,5.733138541375032,1,0
3,4.353658367062245,0,0
4,6.05862583084639,1,1
3,6.060947289677003,0,1
0,3.1265614063984817,1,0
6,2.88924835736415,1,1
10,5.691054799177681,0,0
3,6.478918959463021,0,1
4,5.591114647528128,1,0
6,7.039867100026942,0,0
9,3.66858835675475,1,1
6,4.790773830909128,1,1
2,3.0011202397382357,0,0
4,5.407503985476108,0,1
6,4.517544492451351,1,0
11,5.57690878125908,1,0
5,6.224936408645402,0,1
7,6.334261937896649,0,1
12,4.529411544012969,1,0
1,6.291653743315724,0,1
7,5.925724685210099,1,0
0,4.345960529020375,0,0
9,5.001257557833856,1,1
7,4.887916133143623,0,0
18,6.016263136617988,1,1
12,6.325274479398585,1,1
11,6.188914477327872,0,0
6,6.262593786382563,0,0
30,7.209213893751034,1,1
11,7.0647217480399345,1,1
5,5.247831577503641,0,0
14,5.342786873733414,1,1
9,4.570905473296604,0,0
8,4.771612326663413,0,0
14,7.788373964906636,1,1
2,5.362446871623107,0,0
4,5.542040205822714,1,1
0,5.023349384534149,0,0
1,6.452563400844751,1,1
0,6.268103412850028,0,1
7,5.408779730207075,1,0
7,5.191949450704113,1,1
9,4.33629603523514,0,0
10,7.238448089001999,1,1
3,5.482592898060645,0,0
4,6.181454891539755,0,1
6,5.270630254921926,1,0
4,4.849882294939935,0,1
3,4.560181838972948,1,0
8,6.184080209076518,1,0
3,6.459775095366014,0,1
3,6.877245661823871,0,1
7,4.826047912783695,1,0
5,6.112383969898508,1,0
15,6.016685633173778,0,1
12,4.743882860163495,0,1
4,5.2200435120165505,1,0
15,6.326107152619956,1,1
5,4.882671045530642,0,0
8,5.5298528414441,1,1
3,5.335912779922298,0,0
2,6.422167679020247,0,1
6,5.038708766039799,1,0
2,4.181329059612713,1,0
0,4.322711362895819,0,1
5,5.399674011489072,0,0
8,8.102563286162892,1,1
7,6.498843024940296,1,0
6,5.577572779968156,0,1
6,6.23562988994833,1,1
5,8.030874699231099,0,0
2,5.870890508383722,0,1
6,4.915011604431703,1,0
2,3.714238795279279,0,0
13,5.894994616326673,1,1
8,6.5985820370033865,1,0
4,4.398795720405839,0,1
10,5.850044634977705,1,0
6,7.477343675252549,0,1
14,7.554741849545708,1,1
7,8.786272583183743,0,0
3,5.527119880340454,1,1
0,4.295966877037173,0,0
0,3.8264959685773294,0,0
1,5.198899465693753,1,1
3,6.5502563603701685,0,0
10,5.067636264690453,1,1
4,5.916135628066994,0,1
6,7.579745046394275,1,0
7,7.4789838415334176,1,0
5,5.376163064232596,0,1
10,6.96885683158534,1,1
6,7.871385999324117,0,0
11,5.281757245713315,0,0
13,10.129359181110056,1,1
10,5.330425975261523,1,0
9,6.187431235246825,0,1
9,3.901832018827818,1,0
8,6.6688492482088915,0,1
1,7.553942077151606,0,1
3,5.91772387238465,1,0
0,6.18045023053606,0,0
2,7.626189630147289,1,1
9,5.741038150431333,0,0
3,6.016292868606673,1,1
6,5.498042933356226,1,0
10,11.168945776444904,0,1
3,7.984583124957133,0,0
7,5.943739206304557,1,1
7,6.363124670871733,0,1
9,8.194438309001786,1,0
11,5.492277235029887,1,0
9,11.021402982001932,0,1
4,5.202704259057063,0,0
3,6.082664466161393,1,1
4,3.6712886695369984,1,0
5,6.6412993689160125,0,1
0,6.1789938106643385,0,1
2,4.813871138197636,1,0
2,6.07061965570103,1,1
3,5.768203776044979,0,0
7,7.6143704780042025,0,1
2,5.747421894156094,1,0
0,5.99724116519419,0,1
2,3.2029739148509613,1,0
9,5.953955352009736,1,1
5,5.840784065381913,0,0
2,4.478361525055504,1,1
1,2.3356267644324324,0,0
3,6.375758363245145,1,1
1,5.1125326628674514,0,0
2,6.025810383515517,0,0
12,7.1534022197807365,1,1
5,5.6703373245698625,0,0
10,5.630111517577776,1,1
3,4.554682314004633,0,1
17,7.714767416186492,1,0
1,3.797890260149527,0,0
12,4.202623497016168,1,1
4,6.1197927532019465,1,0
3,6.999841317070379,0,1
3,6.383012939211637,0,1
5,5.091507658442234,1,0
3,5.804038302327058,0,1
7,5.88862241869281,1,0
0,3.7888874227752956,1,1
5,6.39764533150289,0,0
1,6.092437739173523,0,0
2,4.543148703396304,1,1
4,6.957430481215775,0,1
0,2.824748756770763,1,0
2,6.835957797515475,0,0
3,3.3882829070416958,1,1
2,4.019137045864066,0,1
3,6.4563563130138615,1,0
4,5.925735846914295,0,1
5,5.907962105338125,1,0
7,7.489862093813722,0,0
8,2.87884285492028,1,1
5,6.10594755103279,0,1
8,4.41580310957976,1,0
4,6.22756020805746,0,1
14,4.368454547252087,1,0
5,3.1741175239348767,0,1
4,6.598133198688075,1,0
3,4.302599110795141,1,1
5,5.93772409824835,0,0
5,7.354294980092462,1,0
4,3.0275254720100744,0,1
1,5.4629605839154705,0,1
7,4.632592759243927,1,0
0,5.860150909683691,0,0
4,4.900413058443594,1,1
2,3.313425915404633,0,1
3,3.1409827966816586,1,0
3,4.723625199436026,1,1
2,3.9584051981346917,0,0
3,5.016950321515651,1,1
0,5.300466264339619,0,0
4,5.50582202187511,1,0
3,4.254852484190061,0,1
5,3.235140092843543,1,0
0,2.430377091313538,0,1
2,4.1344028263970465,1,1
8,4.466516559742073,0,0
2,4.7974348790710835,0,0
5,5.770632368390604,1,1
1,4.38288127467283,0,0
5,5.607790524794324,1,1
6,5.783546206941702,0,0
5,7.195056307152949,1,1
3,2.465484729453166,1,0
2,2.7524726139190365,0,1
13,5.0774674660920045,1,0
3,4.399492060223539,0,1
6,5.722606582840815,1,1
4,5.938503121907335,0,0
6,4.901957941268419,1,0
11,3.9658840396118906,0,1
17,4.970822471569287,1,0
4,5.310859025916859,0,1
9,2.455252830737718,0,1
3,4.811671663174566,1,0
4,4.508943509744356,0,1
7,3.6729064856208185,1,0
5,5.241657342646498,1,0
3,5.885757011816233,0,1
0,2.5444292808048177,0,0
7,5.089143819508209,1,1
0,4.792193656828786,0,0
2,5.955171013131807,1,1
3,3.9362708271411893,0,0
9,4.865670379706912,1,1
6,3.815814955330466,0,0
7,4.518974370663639,1,1
3,5.011623007246244,0,0
11,6.455180163644364,1,1
8,5.422525483334302,1,0
2,5.8038234893745635,0,1
6,2.700349572493952,1,0
4,5.2197309961893605,0,1
4,4.219908492028137,1,0
3,4.782625127565627,0,1
1,2.345384979228093,0,0
3,4.733779524953108,1,1
10,4.877086084446098,1,0
5,5.683727990039905,0,1
7,5.605687026957215,0,0
13,4.3718678499780665,1,1
6,4.137937369217769,1,1
1,3.5883037873325034,0,0
10,6.243465979837756,1,1
4,3.5929641712415434,0,0
0,2.7801652650433395,1,1
1,4.754899914932249,0,0
3,4.723368609443995,0,1
1,4.5722681394353994,1,0
1,5.352593546804986,0,0
8,4.49060008642285,1,1
7,6.488487428190169,1,1
6,3.7446006723557863,0,0
4,4.374280302099624,0,1
8,4.477272167920328,1,0
5,3.6449178411042134,0,0
9,4.6858395672576965,1,1
0,4.576094230786933,0,1
7,4.44525216778944,1,0
10,5.847352059751444,0,0
2,4.274591095077062,1,1
4,6.213553598473338,0,1
10,4.254863626990668,1,0
7,4.393555792601144,1,0
8,5.245338577362379,0,1
0,2.69560125664702,0,0
1,4.467567296835631,1,1
14,5.6283064535606675,1,1
11,5.698051885532419,0,0
7,5.683881489651657,0,0
11,6.285872026329248,1,1
2,2.7415362637915677,0,0
8,5.07543027276172,1,1
2,4.939795809054459,0,0
6,5.994471174497318,1,1
2,4.5216713686921075,0,0
7,6.4957969948913,1,1
4,4.097512448476969,0,0
7,5.461996923447668,1,1
13,5.147130871712161,0,0
15,6.954151677079162,1,1
2,4.528742561338744,0,0
8,6.874974417355554,1,1
3,3.9464610598737186,0,0
4,5.554407680755228,1,1
5,5.182213566750136,0,0
6,6.520995403811054,1,1
11,7.502439962963864,1,1
5,1.9328918248473221,0,0
7,4.942855041617112,1,1
1,3.9522744239867973,0,0
7,6.736097891484013,1,1
5,6.335102825183677,0,0
5,6.1126112820773475,1,1
1,5.63521331327277,0,0
13,7.385908313760245,0,1
6,2.6066333833548,1,0
5,5.878401847417505,1,1
0,3.6740888601456403,0,0
7,6.015515732464354,1,0
5,6.305258339320769,0,1
4,6.321562660579482,1,1
5,4.997464238549102,0,0
7,6.216100257781408,1,1
3,4.64467870844107,0,0
7,7.30923095597419,1,1
12,4.334109198132237,0,0
2,5.592475059381174,0,0
4,3.814758443781835,1,1
2,4.9771815831177655,0,1
12,7.5161197529308374,1,0
4,6.328916905429448,0,1
3,5.120074551494588,1,0
3,6.647267686938061,1,1
9,6.202365419549259,0,0
14,7.881728485390898,0,0
0,3.343708507160395,1,1
2,4.827147814971869,0,1
7,6.073229128869016,1,0
1,5.108833747927481,0,1
3,4.339130715863173,1,0
2,6.555044246963753,1,1
12,4.961131611594311,0,0
6,8.29877297454575,0,0
2,3.383285533136976,1,1
1,4.7123030527994345,0,1
1,3.9832940806816177,0,0
9,5.258599101868684,0,1
3,3.815512536308425,1,0
1,6.564450555684623,1,1
9,7.615987929817097,0,0
6,5.293945169994893,1,1
11,5.0466079943918745,0,0
5,6.994201326938137,1,0
2,3.606611367549285,0,1
14,5.9960111660125275,0,1
3,3.663492891552691,1,0
10,6.315978943883639,1,1
2,7.627518217991688,0,0
11,7.626987390218933,1,0
8,7.423853168018636,0,1
7,3.723340551007003,1,1
1,4.872658651093604,0,0
5,5.424927336361909,1,1
0,4.421742901723446,0,0
1,5.37478084857411,0,1
2,3.1069950286587042,1,0
2,7.712106073556022,0,0
1,7.200469818569749,1,1
1,3.8283686335977283,0,1
10,7.224262575127577,1,0
5,5.473103110455037,1,1
9,3.681480949055729,0,0
2,5.04302309920028,0,1
10,3.9605632156915958,1,0
10,7.742219786048649,1,1
4,6.220877831969069,0,0
1,2.751864716819078,0,0
7,5.261388950481493,1,1
10,7.29634305332514,1,1
0,3.718270947459412,0,0
4,4.363635021282652,0,1
8,3.813720974130892,1,0
7,5.723282836180037,1,1
10,5.980962950012282,0,0
3,6.454174136842035,1,0
2,4.609806255856854,0,1
12,5.101532010989012,1,1
9,4.167771462362379,0,0
11,5.482065000384477,1,0
9,8.353196664731817,0,1
2,4.358542047789234,0,0
1,5.6786221844137685,1,1
4,5.682270650447228,0,0
1,5.167387443500351,1,1
5,6.120394506350222,1,0
10,6.133904791487982,0,1
16,5.9792175827141225,1,1
9,4.287174259676801,0,0
14,5.205290946004453,1,1
9,8.184132691479478,0,0
5,6.342938355918173,0,0
11,7.135757546614222,1,1
5,3.5364834891593815,1,0
4,5.346137000961086,0,1
1,4.774994267979327,0,0
4,3.9640288206097205,1,1
2,4.581312853633456,1,0
4,6.024217985334261,0,1
7,5.642099555023183,1,1
3,5.3639661638609555,0,0
2,5.33952576394517,1,0
0,6.267728091258209,0,1
8,3.232090929734217,0,1
4,6.331138385156054,1,0
5,4.430380780160659,0,1
2,3.628611770505036,1,0
6,6.538610875518213,0,0
8,7.5604037962789405,1,1
3,6.357898960876758,1,1
5,5.449340737491868,0,0
6,5.085380477518624,1,1
7,4.666376009297887,0,0
12,6.566621679175263,0,1
5,7.565320951029417,1,0
8,5.853212131546687,1,0
6,4.508986917834161,0,1
4,6.13351990541941,1,0
7,6.024559317710697,0,1
9,4.508250876662027,0,1
4,5.451959605957496,1,0
1,5.640170380354036,0,0
4,7.266461296483618,1,1
7,5.259293627924731,0,0
7,5.5766918034758906,0,0
14,3.8782674267663024,0,0
14,6.258549342130248,0,0
2,5.259293627924731,0,0
2,5.5766918034758906,0,0
0,3.8782674267663024,0,0
0,6.258549342130248,0,0
8,4.830702463544247,1,1
4,6.271267879973937,0,0
2,5.586135963247452,1,0
6,6.582511742341406,0,1
9,4.756011783825748,0,0
5,5.7911926607002595,1,1
9,7.75283451755511,1,0
8,5.2761922476047145,0,1
2,5.337875398853583,1,0
3,6.291732864852886,0,1
5,6.467399483020733,0,0
3,7.520397206598641,1,1
8,5.77909845734961,1,0
4,6.1836082436563675,0,1
5,4.884880362850689,1,0
1,5.824223486863102,0,1
5,5.261989113421014,1,0
4,6.012754385617381,0,1
5,6.070460949956811,0,0
14,6.0887431975416515,1,1
7,5.688380869676303,1,0
1,6.075890717347398,0,1
10,5.663405020369217,1,1
5,3.889682213374887,0,0
2,4.370111564305603,0,0
8,6.215435608131994,1,1
2,4.926747453549387,1,1
5,5.619351739268854,0,0
2,5.33082752976593,0,0
4,5.671658163128102,1,1
6,6.864835307795443,0,0
3,5.660536323714014,1,1
1,3.316704399757218,0,0
10,5.991003029528157,1,1
3,5.82523410372801,1,1
4,6.631854953599467,0,0
6,5.429148182539446,0,0
3,5.175276309361875,1,1
8,5.8871215300454285,1,1
0,5.104814181748409,0,0
8,5.8842270890108015,1,1
7,4.970454429089819,0,0
13,5.952321809848186,1,1
6,4.410087470944012,0,0
2,4.889854261441354,0,1
6,7.189270742238581,1,0
3,3.6402087832845194,0,0
4,5.9755538881408015,1,1
10,5.50200408121732,0,0
7,6.133181421469462,1,1
8,4.808465022223782,1,0
12,5.236571040219356,0,1
4,6.715331893457603,0,0
11,6.175236332371513,1,1
2,4.913309500685112,0,1
7,4.490849929518386,1,0
10,5.228911764034793,1,1
5,3.7529017686721984,0,0
7,5.991163136824964,1,1
2,4.447713600069646,0,0
1,3.9744663133343145,0,0
5,4.240297335956957,1,1
3,6.874482006274747,1,1
4,4.313507009212601,0,0
9,5.686627010184281,1,1
2,3.1952805955420738,0,0
6,5.2312181390254615,1,0
5,6.073163083432364,0,1
12,7.249311346321293,0,1
2,4.0175460841003385,1,0
13,5.7833024077693675,1,1
5,4.815165739663476,0,0
5,5.7246615361039614,0,1
4,4.396010467915258,1,0
4,5.284963635230248,1,1
5,3.4011625595840407,0,0
5,5.11296451921247,1,1
2,5.082688778723721,0,0
10,7.102792400674548,1,1
2,3.5358080616148024,0,0
11,5.61988244283153,1,1
7,5.135695216414185,0,0
8,5.045737685785982,1,1
3,5.140964302004979,0,0
2,6.7497122316185685,1,1
3,4.09598094669025,0,0
11,5.74694445453594,0,1
6,4.426474807541788,1,0
14,7.652465965570425,1,0
5,4.153998858840638,0,1
5,6.282927067961802,1,1
0,2.2666064615265062,0,0
2,4.972894723948734,0,1
3,5.448107787425041,1,0
3,5.718370195582507,0,1
1,4.103493337505473,1,0
10,7.15274667266378,1,1
17,4.955108910215969,0,0
4,7.475488577899313,0,0
0,2.3836574822374192,1,1
6,7.296458821223159,1,1
8,5.063121237756775,0,0
4,4.273117922980081,0,1
3,4.460735281875891,1,0
3,6.520245964723946,0,1
5,4.770473939684005,1,0
5,5.734488732212862,1,1
2,3.8036654549958344,0,0
5,6.887664040272632,1,0
11,5.524303624656902,0,1
2,7.245679051481693,1,1
1,2.4604409388737594,0,0
9,5.193154879366866,1,1
3,4.830426112576204,0,0
4,4.366211082108731,1,0
8,7.077177284783062,0,1
7,3.717959360489038,0,0
2,6.48481246347885,1,1
0,3.7465271529145747,1,0
2,4.848499751119927,0,1
2,3.6877115110033927,0,0
0,5.594021269724219,1,1
3,6.127964480706579,1,1
1,4.49107997774816,0,0
5,3.9814600442635752,1,0
4,6.651551178515553,0,1
4,4.443000466174889,1,0
14,6.303651665624809,0,1
3,3.658859142761483,0,0
1,4.71809358654529,1,1
2,3.7915266383513435,0,0
13,4.913704918648407,1,1
2,5.195900669411122,0,1
8,4.921410597211705,1,0
3,3.0324979873727784,0,0
5,7.330410605025765,1,1
4,2.728108380688919,0,0
4,4.83702963924792,0,1
2,2.917844077308721,0,0
3,5.294586580509311,1,1
9,4.746594212391772,0,0
5,7.824171921781815,1,1
5,2.7333125621925785,0,0
3,5.418626036954162,1,1
2,5.747122977241956,1,0
4,7.0137990263903145,0,1
2,3.0282931197577794,1,0
6,3.3140388208881544,0,1
1,3.739319970673109,1,0
5,7.384378850388137,0,1
6,2.5906648405205885,0,0
1,5.314799659588823,1,1
3,4.7386160137650535,0,0
1,7.1381430063510205,1,1
2,2.127309643448224,1,0
4,3.204214376584081,0,1
5,5.557661125045279,1,1
1,5.354890897397122,0,0
3,4.831414140111356,1,1
2,3.660111355256585,0,0
3,2.4757874439825525,1,1
15,5.36132827767193,0,0
8,6.208720738942801,0,0
2,3.793965077062092,1,1
5,6.1267411823512266,1,1
0,2.2063420527055557,0,0
5,5.426294374367044,0,1
7,4.9065023938704355,1,0
6,3.0418048981491004,0,1
1,4.753183856861115,1,0
6,6.082885775238596,1,0
7,2.6785517784580346,0,1
2,5.160323189209553,0,0
8,5.507691845351943,1,1
1,4.365133683083453,1,1
0,3.275677532620735,0,0
12,3.7447277086114723,1,1
15,6.298077123378522,0,0
5,5.8855699896396665,0,0
1,3.615975529304845,1,1
10,4.981804887159226,1,1
0,2.82912624723492,0,0
3,2.8190077825154347,0,0
2,6.325136248622915,1,1
1,3.4791191424934222,1,1
13,7.084159840794621,0,0
4,4.802783990114613,0,1
5,3.4998280678373668,1,0
7,5.96227550632436,1,0
3,3.103146899208285,0,1
6,5.889581930198268,1,1
5,2.7928054197953474,0,0
4,2.8957951599462035,1,0
1,5.24637705262983,0,1
4,3.225468623267939,0,1
0,6.986502788330178,1,0
1,4.66799961627891,0,1
3,2.3736137928552328,1,0
4,6.1801926909063845,1,0
5,3.185181670051125,0,1
1,4.654076292242273,0,1
3,2.7608879764248164,1,0
0,2.883932645244059,0,0
7,5.694751575974393,1,1
3,2.310442067935273,1,1
7,6.389522029358944,0,0
8,5.431148829133731,1,1
3,2.421447013145706,0,0
3,5.005705791150878,0,0
2,3.416676101419224,1,1
2,5.963333091781552,0,1
7,3.268627208800182,1,0
5,5.101410739727905,0,0
7,5.385514303241781,1,1
12,5.135495407355025,1,1
2,2.8825589347830793,0,0
5,2.932649600201083,0,0
3,4.421920876818334,1,1
3,2.6032551013833505,1,0
9,3.997760637313089,0,1
5,6.383041690082289,1,1
2,5.798875938986091,0,0
0,4.007035979118465,0,1
2,5.132515432079341,1,0
2,4.55417056153467,0,0
6,2.523572596342095,1,1
4,6.767460934150199,1,1
0,5.978759654092153,0,0
7,4.950778226149341,1,0
1,2.7627839036877724,0,1
6,3.448425168617065,1,1
5,4.543405264385031,0,0
11,3.9880397737843154,1,1
5,4.196797974925841,0,0
9,5.029604208656156,1,0
6,4.7433112085015905,0,1
2,5.224726880146527,0,0
9,5.531190444714486,1,1
8,5.888212968622996,1,1
6,3.192887484089974,0,0
1,3.17597703039167,0,0
0,3.146858101611987,1,1
0,3.4155371470429676,1,1
2,4.655840349973845,0,0
3,5.264552642563494,1,1
0,3.4410688976825545,0,0
6,6.352047352144819,0,0
4,2.9559499122085198,1,1
0,2.861409288670228,0,0
3,3.199091276838572,1,1
4,3.8496065665306833,1,1
10,5.643029133667713,0,0
12,5.338253642512633,1,1
2,3.540644274326593,0,0
7,5.914151146905043,1,1
1,2.5050917225266374,0,0
5,3.3146668126803505,0,0
4,3.021471601435985,1,1
2,3.546066999472677,1,1
4,5.655833780679948,0,0
3,5.1246070291492725,0,1
6,3.8112754527826596,1,0
4,2.9906302542022667,1,1
3,2.472657753532709,0,0
12,5.511858295945659,0,0
4,5.488057763918549,1,1
1,2.8571845921399115,1,1
5,5.760542853484578,0,0
7,5.788083874772928,0,0
1,2.2806293185078386,1,1
1,4.104880994487906,1,1
8,6.46072810179291,0,0
1,3.2070048903326955,0,0
11,3.6635200316660708,1,1
7,6.84317559342122,1,0
2,5.183602198908442,0,1
4,3.022143729258427,1,1
11,5.344616713832932,0,0
4,5.394662539873084,0,0
8,3.56859445085089,1,1
10,4.211502143307852,0,1
3,6.361327184618155,1,0
0,3.039966019349168,0,0
5,3.9731229261169596,1,1
7,6.80360832930994,0,0
1,3.6500239262332173,1,1
9,3.671044990177408,1,1
3,6.184043746693728,0,0
2,4.950927352020992,1,0
6,3.5951284479838623,0,1
3,3.5755075675951513,0,1
4,6.059487017290218,1,0
9,4.741024618490403,1,0
3,3.9681132628809364,0,1
5,2.6867845254538016,1,1
4,3.8303072841344736,0,0
5,4.967882349309026,0,1
6,2.9088948073375898,1,0
2,2.6208981920321315,0,0
8,4.309214404960785,1,1
5,4.998708626829275,1,0
11,4.223429666290526,0,1
3,5.050991321841886,0,0
0,2.472469706931583,1,1
4,6.150221494207798,0,1
6,7.189211758737205,1,0
7,4.32222325004042,1,1
2,4.779559713378682,0,0
3,2.7152586972152006,0,0
9,4.853229793534987,1,1
5,5.19161570270975,1,1
6,4.092960019844648,0,0
1,4.143085051167858,1,0
3,2.6683109304842314,0,1
5,5.299002631519978,0,1
3,6.169281013520365,1,0
17,5.829928835966914,0,1
5,5.041519710857092,1,0
4,4.79142472614767,0,0
3,2.914360210461844,1,1
1,5.697593550363312,1,1
2,4.6099604102288385,0,0
5,4.617835724409927,0,1
6,5.068788251199496,1,0
2,4.408684273562001,1,1
8,5.179276050518012,0,0
10,5.946708696928344,0,0
6,3.441967130487603,1,1
2,6.418648061783829,1,0
1,5.108809309767729,0,1
1,4.562850602498921,1,1
2,2.771934867478124,0,0
8,3.5825251105555616,1,1
4,5.339154845642982,0,0
4,4.474312417821157,0,1
7,5.122681319965399,1,0
9,5.94723489893215,0,0
1,2.970396181256631,1,1
3,5.025505450127417,1,1
7,2.938564980146734,0,0
4,6.352769417964343,1,1
3,5.032872755823831,0,0
3,4.847701371560044,1,1
2,4.741895849103097,0,0
13,5.715380688794577,0,1
4,5.050113024284871,1,0
8,7.339397228679083,1,1
4,3.2742996934688753,0,0
